Date,Portfolio name,Program Type,Campaign Name,Retailer,Country,Status,Currency,Budget Amount,Targeting Type,Bidding strategy,Impressions,Last Year Impressions,Clicks,Last Year Clicks,Click-Thru Rate (CTR),Spend,Last Year Spend,Cost Per Click (CPC),Last Year Cost Per Click (CPC),7 Day Total Orders (#),"Total Advertising Cost of Sales (ACOS) ",Total Return on Advertising Spend (ROAS),"7 Day Total Sales "
"Jun 01, 2026",Monthly_ON,Sponsored Products,SP_Auto_All_260601,Amazon,United States,PAUSED,USD,$33.0,Automatic targeting,Dynamic bids - down only,26564,,133,,0.501%,$136.03,,$1.022782,$0.0,19,47.404%,2.11,$286.96
"Jun 01, 2026",Monthly_ON,Sponsored Products,SP_Defence_260601,Amazon,United States,PAUSED,USD,$44.0,Automatic targeting,Dynamic bids - down only,3099,,30,,0.968%,$42.2,,$1.4066667000000002,$0.0,3,103.43100000000001%,0.97,$40.8
"Jun 01, 2026",Monthly_ON,Sponsored Products,SP_Keyword_260601,Amazon,United States,PAUSED,USD,$42.0,Manual targeting,Dynamic bids - down only,1435,,33,,2.3%,$43.44,,$1.3163635999999999,$0.0,11,20.935000000000002%,4.78,$207.5
"Jun 02, 2026",Monthly_ON,Sponsored Products,SP_Auto_All_260601,Amazon,United States,PAUSED,USD,$33.0,Automatic targeting,Dynamic bids - down only,18198,,103,,0.5660000000000001%,$59.74,,$0.58,$0.0,17,25.085%,3.99,$238.15
"Jun 02, 2026",Monthly_ON,Sponsored Products,SP_Defence_260601,Amazon,United States,PAUSED,USD,$44.0,Automatic targeting,Dynamic bids - down only,9207,,54,,0.587%,$37.56,,$0.6955556,$0.0,7,37.485%,2.67,$100.2
"Jun 02, 2026",Monthly_ON,Sponsored Products,SP_Keyword_260601,Amazon,United States,PAUSED,USD,$42.0,Manual targeting,Dynamic bids - down only,3066,,56,,1.8259999999999998%,$42.23,,$0.7541070999999999,$0.0,15,15.306000000000001%,6.53,$275.9
"Jun 02, 2026",Monthly_ON,Sponsored Products,SP_Auto_New_260601,Amazon,United States,PAUSED,USD,$20.1,Automatic targeting,Dynamic bids - down only,1259,,15,,1.191%,$9.81,,$0.654,$0.0,1,57.706%,1.73,$17.0
"Jun 03, 2026",Monthly_ON,Sponsored Products,SP_Defence_260601,Amazon,United States,PAUSED,USD,$44.0,Automatic targeting,Dynamic bids - down only,18578,,109,,0.587%,$79.54,,$0.7297248000000001,$0.0,22,23.383000000000003%,4.28,$340.16
"Jun 03, 2026",Monthly_ON,Sponsored Products,SP_Keyword_260601,Amazon,United States,PAUSED,USD,$42.0,Manual targeting,Dynamic bids - down only,9401,,69,,0.734%,$295.57,,$4.2836232,$0.0,14,108.271%,0.92,$272.99
"Jun 03, 2026",Monthly_ON,Sponsored Products,SP_Auto_New_260601,Amazon,United States,PAUSED,USD,$20.1,Automatic targeting,Dynamic bids - down only,3149,,31,,0.984%,$21.91,,$0.7067742,$0.0,2,57.658%,1.73,$38.0
"Jun 03, 2026",Monthly_ON,Sponsored Products,SP_Auto_All_260601,Amazon,United States,PAUSED,USD,$33.0,Automatic targeting,Dynamic bids - down only,24389,,126,,0.517%,$73.53,,$0.5835714,$0.0,17,31.202999999999996%,3.2,$235.65
"Jun 04, 2026",Monthly_ON,Sponsored Products,SP_Defence_260601,Amazon,United States,PAUSED,USD,$44.0,Automatic targeting,Dynamic bids - down only,12766,,58,,0.45399999999999996%,$13.33,,$0.2298276,$0.0,8,10.856%,9.21,$122.79
"Jun 04, 2026",Monthly_ON,Sponsored Products,SP_Auto_All_260601,Amazon,United States,PAUSED,USD,$33.0,Automatic targeting,Dynamic bids - down only,18371,,104,,0.5660000000000001%,$61.11,,$0.5875962,$0.0,14,35.343999999999994%,2.83,$172.9
"Jun 04, 2026",Monthly_ON,Sponsored Products,SP_Keyword_260601,Amazon,United States,PAUSED,USD,$42.0,Manual targeting,Dynamic bids - down only,7135,,28,,0.392%,$131.17,,$4.6846429,$0.0,3,171.017%,0.58,$76.7
"Jun 04, 2026",Monthly_ON,Sponsored Products,SP_Auto_New_260601,Amazon,United States,PAUSED,USD,$20.1,Automatic targeting,Dynamic bids - down only,3121,,47,,1.506%,$31.24,,$0.6646809,$0.0,11,16.644000000000002%,6.01,$187.7
"Jun 05, 2026",Monthly_ON,Sponsored Products,SP_Auto_New_260601,Amazon,United States,PAUSED,USD,$20.1,Automatic targeting,Dynamic bids - down only,2282,,18,,0.7889999999999999%,$11.58,,$0.6433333,$0.0,2,32.167%,3.11,$36.0
"Jun 05, 2026",Monthly_ON,Sponsored Products,SP_Defence_260601,Amazon,United States,PAUSED,USD,$44.0,Automatic targeting,Dynamic bids - down only,15255,,55,,0.361%,$13.02,,$0.2367273,$0.0,9,11.292%,8.86,$115.3
"Jun 05, 2026",Monthly_ON,Sponsored Products,SP_Keyword_260601,Amazon,United States,PAUSED,USD,$42.0,Manual targeting,Dynamic bids - down only,11303,,37,,0.327%,$137.46,,$3.7151351,$0.0,5,99.82600000000001%,1.0,$137.7
"Jun 05, 2026",Monthly_ON,Sponsored Products,SP_Auto_All_260601,Amazon,United States,PAUSED,USD,$33.0,Automatic targeting,Dynamic bids - down only,31956,,217,,0.679%,$127.71,,$0.5885253,$0.0,26,34.510999999999996%,2.9,$370.06
"Jun 06, 2026",Monthly_ON,Sponsored Products,SP_Defence_260601,Amazon,United States,PAUSED,USD,$44.0,Automatic targeting,Dynamic bids - down only,16885,,356,,2.108%,$83.94,,$0.2357865,$0.0,79,7.074%,14.14,$1186.58
"Jun 06, 2026",Monthly_ON,Sponsored Products,SP_Auto_All_260601,Amazon,United States,PAUSED,USD,$33.0,Automatic targeting,Dynamic bids - down only,29763,,219,,0.736%,$133.3,,$0.6086758,$0.0,26,33.614%,2.97,$396.56
"Jun 06, 2026",Monthly_ON,Sponsored Products,SP_Keyword_260601,Amazon,United States,PAUSED,USD,$42.0,Manual targeting,Dynamic bids - down only,5588,,31,,0.555%,$145.13,,$4.6816129,$0.0,2,316.187%,0.32,$45.9
"Jun 06, 2026",Monthly_ON,Sponsored Products,SP_Auto_New_260601,Amazon,United States,PAUSED,USD,$20.1,Automatic targeting,Dynamic bids - down only,4406,,33,,0.749%,$20.8,,$0.630303,$0.0,1,148.571%,0.67,$14.0
"Jun 07, 2026",Monthly_ON,Sponsored Products,SP_Defence_260601,Amazon,United States,PAUSED,USD,$44.0,Automatic targeting,Dynamic bids - down only,14089,,187,,1.327%,$42.03,,$0.22475940000000003,$0.0,55,4.97%,20.12,$845.7
"Jun 07, 2026",Monthly_ON,Sponsored Products,SP_Auto_All_260601,Amazon,United States,PAUSED,USD,$33.0,Automatic targeting,Dynamic bids - down only,8128,,168,,2.067%,$104.71,,$0.6232738,$0.0,35,20.236%,4.94,$517.44
"Jun 07, 2026",Monthly_ON,Sponsored Products,SP_Auto_New_260601,Amazon,United States,PAUSED,USD,$20.1,Automatic targeting,Dynamic bids - down only,4441,,75,,1.6889999999999998%,$45.26,,$0.6034667,$0.0,10,27.672%,3.61,$163.56
"Jun 07, 2026",Monthly_ON,Sponsored Products,SP_Keyword_260601,Amazon,United States,PAUSED,USD,$42.0,Manual targeting,Dynamic bids - down only,5828,,81,,1.39%,$142.54,,$1.7597531000000002,$0.0,17,50.483%,1.98,$282.35
"Jun 08, 2026",Monthly_ON,Sponsored Products,SP_Defence_260601,Amazon,United States,PAUSED,USD,$44.0,Automatic targeting,Dynamic bids - down only,10654,,152,,1.427%,$34.94,,$0.2298684,$0.0,36,5.632000000000001%,17.75,$620.35
"Jun 08, 2026",Monthly_ON,Sponsored Products,SP_Keyword_260601,Amazon,United States,PAUSED,USD,$42.0,Manual targeting,Dynamic bids - down only,7959,,114,,1.432%,$147.09,,$1.2902632,$0.0,26,33.134%,3.02,$443.92
"Jun 08, 2026",Monthly_ON,Sponsored Products,SP_Auto_New_260601,Amazon,United States,PAUSED,USD,$20.1,Automatic targeting,Dynamic bids - down only,3227,,42,,1.302%,$26.25,,$0.625,$0.0,4,36.529%,2.74,$71.86
"Jun 08, 2026",Monthly_ON,Sponsored Products,SP_Auto_All_260601,Amazon,United States,PAUSED,USD,$33.0,Automatic targeting,Dynamic bids - down only,6592,,128,,1.942%,$79.84,,$0.62375,$0.0,16,37.875%,2.64,$210.8
"Jun 09, 2026",Monthly_ON,Sponsored Products,SP_Defence_260601,Amazon,United States,PAUSED,USD,$44.0,Automatic targeting,Dynamic bids - down only,9350,,161,,1.722%,$47.39,,$0.2943478,$0.0,31,11.26%,8.88,$420.88
"Jun 09, 2026",Monthly_ON,Sponsored Products,SP_Auto_New_260601,Amazon,United States,PAUSED,USD,$20.1,Automatic targeting,Dynamic bids - down only,3637,,93,,2.557%,$147.03,,$1.5809677,$0.0,0,0.0%,0.0,$0.0
"Jun 09, 2026",Monthly_ON,Sponsored Products,SP_Keyword_260601,Amazon,United States,PAUSED,USD,$42.0,Manual targeting,Dynamic bids - down only,2025,,113,,5.58%,$37.88,,$0.3352212,$0.0,14,20.298%,4.93,$186.62
"Jun 09, 2026",Monthly_ON,Sponsored Products,SP_Auto_All_260601,Amazon,United States,PAUSED,USD,$33.0,Automatic targeting,Dynamic bids - down only,2268,,109,,4.806%,$16.09,,$0.1476147,$0.0,24,4.797%,20.85,$335.43
"Jun 10, 2026",Monthly_ON,Sponsored Products,SP_Auto_All_260601,Amazon,United States,PAUSED,USD,$33.0,Automatic targeting,Dynamic bids - down only,7115,,158,,2.221%,$24.14,,$0.1527848,$0.0,26,7.158%,13.97,$337.24
"Jun 10, 2026",Monthly_ON,Sponsored Products,SP_Auto_New_260601,Amazon,United States,PAUSED,USD,$20.1,Automatic targeting,Dynamic bids - down only,1309,,26,,1.986%,$88.09,,$3.3880768999999997,$0.0,0,0.0%,0.0,$0.0
"Jun 10, 2026",Monthly_ON,Sponsored Products,SP_Keyword_260601,Amazon,United States,PAUSED,USD,$42.0,Manual targeting,Dynamic bids - down only,3231,,129,,3.993%,$42.79,,$0.33170540000000004,$0.0,23,12.918%,7.74,$331.24
"Jun 10, 2026",Monthly_ON,Sponsored Products,SP_Defence_260601,Amazon,United States,PAUSED,USD,$44.0,Automatic targeting,Dynamic bids - down only,1005,,42,,4.179%,$40.06,,$0.9538095,$0.0,3,99.776%,1.0,$40.15
"Jun 11, 2026",Monthly_ON,Sponsored Products,SP_Defence_260601,Amazon,United States,PAUSED,USD,$44.0,Automatic targeting,Dynamic bids - down only,3730,,39,,1.046%,$7.11,,$0.1823077,$0.0,4,19.533%,5.12,$36.4
"Jun 11, 2026",Monthly_ON,Sponsored Products,SP_Keyword_260601,Amazon,United States,PAUSED,USD,$42.0,Manual targeting,Dynamic bids - down only,4001,,126,,3.1489999999999996%,$39.17,,$0.310873,$0.0,25,11.19%,8.94,$350.04
"Jun 11, 2026",Monthly_ON,Sponsored Products,SP_Auto_All_260601,Amazon,United States,PAUSED,USD,$33.0,Automatic targeting,Dynamic bids - down only,13994,,313,,2.237%,$63.25,,$0.2020767,$0.0,49,8.559999999999999%,11.68,$738.89
"Jun 11, 2026",Monthly_ON,Sponsored Products,SP_Auto_New_260601,Amazon,United States,PAUSED,USD,$20.1,Automatic targeting,Dynamic bids - down only,2810,,43,,1.53%,$29.07,,$0.6760465000000001,$0.0,5,26.168000000000003%,3.82,$111.09
"Jun 11, 2026",Monthly_ON,Sponsored Products,SP_Competitor_260601,Amazon,United States,PAUSED,USD,$8.0,Manual targeting,Dynamic bids - down only,289,,3,,1.038%,$3.2,,$1.0666666999999999,$0.0,0,0.0%,0.0,$0.0
"Jun 12, 2026",Monthly_ON,Sponsored Products,SP_Auto_New_260601,Amazon,United States,PAUSED,USD,$20.1,Automatic targeting,Dynamic bids - down only,5491,,51,,0.9289999999999999%,$37.57,,$0.7366667,$0.0,3,48.167%,2.08,$78.0
"Jun 12, 2026",Monthly_ON,Sponsored Products,SP_Auto_All_260601,Amazon,United States,PAUSED,USD,$33.0,Automatic targeting,Dynamic bids - down only,15553,,324,,2.083%,$71.2,,$0.2197531,$0.0,45,9.942%,10.06,$716.17
"Jun 12, 2026",Monthly_ON,Sponsored Products,SP_Keyword_260601,Amazon,United States,PAUSED,USD,$42.0,Manual targeting,Dynamic bids - down only,3603,,85,,2.359%,$26.83,,$0.3156471,$0.0,15,10.184%,9.82,$263.45
"Jun 12, 2026",Monthly_ON,Sponsored Products,SP_Defence_260601,Amazon,United States,PAUSED,USD,$44.0,Automatic targeting,Dynamic bids - down only,5824,,71,,1.2189999999999999%,$13.48,,$0.1898592,$0.0,12,6.808%,14.69,$197.99
"Jun 12, 2026",Monthly_ON,Sponsored Products,SP_Competitor_260601,Amazon,United States,PAUSED,USD,$8.0,Manual targeting,Dynamic bids - down only,874,,19,,2.174%,$18.69,,$0.9836842,$0.0,6,31.465%,3.18,$59.4
"Jun 13, 2026",Monthly_ON,Sponsored Products,SP_Keyword_260601,Amazon,United States,PAUSED,USD,$42.0,Manual targeting,Dynamic bids - down only,4230,,100,,2.3640000000000003%,$32.3,,$0.32299999999999995,$0.0,6,46.302%,2.16,$69.76
"Jun 13, 2026",Monthly_ON,Sponsored Products,SP_Defence_260601,Amazon,United States,PAUSED,USD,$44.0,Automatic targeting,Dynamic bids - down only,6799,,82,,1.206%,$15.15,,$0.1847561,$0.0,5,25.852999999999998%,3.87,$58.6
"Jun 13, 2026",Monthly_ON,Sponsored Products,SP_Auto_New_260601,Amazon,United States,PAUSED,USD,$20.1,Automatic targeting,Dynamic bids - down only,5992,,60,,1.001%,$43.82,,$0.7303333000000001,$0.0,5,52.354%,1.91,$83.7
"Jun 13, 2026",Monthly_ON,Sponsored Products,SP_Competitor_260601,Amazon,United States,PAUSED,USD,$8.0,Manual targeting,Dynamic bids - down only,452,,5,,1.106%,$5.21,,$1.042,$0.0,1,58.538999999999994%,1.71,$8.9
"Jun 13, 2026",Monthly_ON,Sponsored Products,SP_Auto_All_260601,Amazon,United States,PAUSED,USD,$33.0,Automatic targeting,Dynamic bids - down only,18619,,438,,2.352%,$98.37,,$0.224589,$0.0,60,12.145999999999999%,8.23,$809.91
"Jun 14, 2026",Monthly_ON,Sponsored Products,SP_Competitor_260601,Amazon,United States,PAUSED,USD,$8.0,Manual targeting,Dynamic bids - down only,131,,3,,2.29%,$3.2,,$1.0666666999999999,$0.0,0,0.0%,0.0,$0.0
"Jun 14, 2026",Monthly_ON,Sponsored Products,SP_Auto_All_260601,Amazon,United States,PAUSED,USD,$33.0,Automatic targeting,Dynamic bids - down only,22437,,401,,1.7870000000000001%,$91.99,,$0.22940149999999998,$0.0,53,12.463000000000001%,8.02,$738.13
"Jun 14, 2026",Monthly_ON,Sponsored Products,SP_Keyword_260601,Amazon,United States,PAUSED,USD,$42.0,Manual targeting,Dynamic bids - down only,4470,,96,,2.1479999999999997%,$30.74,,$0.32020829999999995,$0.0,14,14.834%,6.74,$207.22
"Jun 14, 2026",Monthly_ON,Sponsored Products,SP_Defence_260601,Amazon,United States,PAUSED,USD,$44.0,Automatic targeting,Dynamic bids - down only,6914,,64,,0.9259999999999999%,$11.94,,$0.1865625,$0.0,11,9.11%,10.98,$131.06
"Jun 14, 2026",Monthly_ON,Sponsored Products,SP_Auto_New_260601,Amazon,United States,PAUSED,USD,$20.1,Automatic targeting,Dynamic bids - down only,6084,,97,,1.5939999999999999%,$70.73,,$0.7291753,$0.0,17,25.014999999999997%,4.0,$282.75
"Jun 15, 2026",Monthly_ON,Sponsored Products,SP_Defence_260601,Amazon,United States,PAUSED,USD,$44.0,Automatic targeting,Dynamic bids - down only,4105,,92,,2.241%,$22.57,,$0.2453261,$0.0,11,15.326999999999998%,6.52,$147.26
"Jun 15, 2026",Monthly_ON,Sponsored Products,SP_Keyword_260601,Amazon,United States,PAUSED,USD,$42.0,Manual targeting,Dynamic bids - down only,7313,,166,,2.27%,$74.94,,$0.45144579999999995,$0.0,27,15.448%,6.47,$485.1
"Jun 15, 2026",Monthly_ON,Sponsored Products,SP_Auto_New_260601,Amazon,United States,PAUSED,USD,$20.1,Automatic targeting,Dynamic bids - down only,6170,,57,,0.924%,$38.6,,$0.677193,$0.0,2,129.097%,0.77,$29.9
"Jun 15, 2026",Monthly_ON,Sponsored Products,SP_Competitor_260601,Amazon,United States,PAUSED,USD,$8.0,Manual targeting,Dynamic bids - down only,670,,3,,0.44799999999999995%,$2.08,,$0.6933333,$0.0,1,10.452%,9.57,$19.9
"Jun 15, 2026",Monthly_ON,Sponsored Products,SP_Auto_All_260601,Amazon,United States,PAUSED,USD,$33.0,Automatic targeting,Dynamic bids - down only,41820,,511,,1.222%,$147.99,,$0.2896086,$0.0,54,17.915%,5.58,$826.09
"Jun 16, 2026",Monthly_ON,Sponsored Products,SP_Keyword_260601,Amazon,United States,PAUSED,USD,$42.0,Manual targeting,Dynamic bids - down only,6225,,121,,1.944%,$49.32,,$0.40760330000000006,$0.0,18,16.608%,6.02,$296.96
"Jun 16, 2026",Monthly_ON,Sponsored Products,SP_Competitor_260601,Amazon,United States,PAUSED,USD,$8.0,Manual targeting,Dynamic bids - down only,16163,,119,,0.736%,$98.32,,$0.8262185,$0.0,9,80.379%,1.24,$122.32
"Jun 16, 2026",Monthly_ON,Sponsored Products,SP_Defence_260601,Amazon,United States,PAUSED,USD,$44.0,Automatic targeting,Dynamic bids - down only,15274,,240,,1.5709999999999997%,$59.59,,$0.2482917,$0.0,36,12.304%,8.13,$484.33
"Jun 16, 2026",Monthly_ON,Sponsored Products,SP_Auto_New_260601,Amazon,United States,PAUSED,USD,$20.1,Automatic targeting,Dynamic bids - down only,3300,,31,,0.9390000000000001%,$22.08,,$0.7122581,$0.0,4,41.117%,2.43,$53.7
"Jun 16, 2026",Monthly_ON,Sponsored Products,SP_Auto_All_260601,Amazon,United States,PAUSED,USD,$33.0,Automatic targeting,Dynamic bids - down only,5353,,80,,1.494%,$7.71,,$0.09637499999999999,$0.0,12,4.216%,23.72,$182.86
"Jun 17, 2026",Monthly_ON,Sponsored Products,SP_Auto_New_260601,Amazon,United States,PAUSED,USD,$20.1,Automatic targeting,Dynamic bids - down only,113,,0,,0.0%,$0.0,,$0.0,$0.0,0,0.0%,0.0,$0.0
"Jun 17, 2026",Monthly_ON,Sponsored Products,SP_Competitor_260601,Amazon,United States,PAUSED,USD,$8.0,Manual targeting,Dynamic bids - down only,6,,0,,0.0%,$0.0,,$0.0,$0.0,0,0.0%,0.0,$0.0
"Jun 17, 2026",Monthly_ON,Sponsored Products,SP_Defence_260601,Amazon,United States,PAUSED,USD,$44.0,Automatic targeting,Dynamic bids - down only,19416,,311,,1.6019999999999999%,$73.18,,$0.23530550000000003,$0.0,49,10.834000000000001%,9.23,$675.48
"Jun 17, 2026",Monthly_ON,Sponsored Products,SP_Auto_All_260601,Amazon,United States,PAUSED,USD,$33.0,Automatic targeting,Dynamic bids - down only,4117,,106,,2.5749999999999997%,$10.92,,$0.1030189,$0.0,15,4.714%,21.21,$231.65
"Jun 17, 2026",Monthly_ON,Sponsored Products,SP_Keyword_260601,Amazon,United States,PAUSED,USD,$42.0,Manual targeting,Dynamic bids - down only,4961,,105,,2.117%,$33.88,,$0.3226667,$0.0,20,11.774999999999999%,8.49,$287.72
"Jun 18, 2026",Monthly_ON,Sponsored Products,SP_Defence_260601,Amazon,United States,PAUSED,USD,$44.0,Automatic targeting,Dynamic bids - down only,18404,,184,,1.0%,$34.47,,$0.18733699999999998,$0.0,28,9.439%,10.59,$365.19
"Jun 18, 2026",Monthly_ON,Sponsored Products,SP_Auto_All_260601,Amazon,United States,PAUSED,USD,$33.0,Automatic targeting,Dynamic bids - down only,3598,,99,,2.752%,$10.1,,$0.10202019999999999,$0.0,15,3.936%,25.41,$256.62
"Jun 18, 2026",Monthly_ON,Sponsored Products,SP_Competitor_260601,Amazon,United States,PAUSED,USD,$8.0,Manual targeting,Dynamic bids - down only,215,,6,,2.791%,$1.2,,$0.2,$0.0,0,0.0%,0.0,$0.0
"Jun 18, 2026",Monthly_ON,Sponsored Products,SP_Auto_New_260601,Amazon,United States,PAUSED,USD,$20.1,Automatic targeting,Dynamic bids - down only,56,,0,,0.0%,$0.0,,$0.0,$0.0,0,0.0%,0.0,$0.0
"Jun 18, 2026",Monthly_ON,Sponsored Products,SP_Keyword_260601,Amazon,United States,PAUSED,USD,$42.0,Manual targeting,Dynamic bids - down only,4425,,82,,1.8530000000000002%,$26.63,,$0.32475610000000005,$0.0,12,17.376%,5.76,$153.26
"Jun 19, 2026",Monthly_ON,Sponsored Products,SP_Auto_New_260601,Amazon,United States,PAUSED,USD,$20.1,Automatic targeting,Dynamic bids - down only,45,,0,,0.0%,$0.0,,$0.0,$0.0,0,0.0%,0.0,$0.0
"Jun 19, 2026",Monthly_ON,Sponsored Products,SP_Defence_260601,Amazon,United States,PAUSED,USD,$44.0,Automatic targeting,Dynamic bids - down only,20554,,189,,0.9199999999999999%,$35.6,,$0.1883598,$0.0,24,11.014%,9.08,$323.22
"Jun 19, 2026",Monthly_ON,Sponsored Products,SP_Auto_All_260601,Amazon,United States,PAUSED,USD,$33.0,Automatic targeting,Dynamic bids - down only,3321,,103,,3.101%,$10.12,,$0.0982524,$0.0,25,2.25%,44.45,$449.86
"Jun 19, 2026",Monthly_ON,Sponsored Products,SP_Keyword_260601,Amazon,United States,PAUSED,USD,$42.0,Manual targeting,Dynamic bids - down only,3689,,52,,1.41%,$15.92,,$0.3061538,$0.0,8,18.027%,5.55,$88.31
"Jun 19, 2026",Monthly_ON,Sponsored Products,SP_Competitor_260601,Amazon,United States,PAUSED,USD,$8.0,Manual targeting,Dynamic bids - down only,240,,0,,0.0%,$0.0,,$0.0,$0.0,0,0.0%,0.0,$0.0
"Jun 20, 2026",Monthly_ON,Sponsored Products,SP_Auto_New_260601,Amazon,United States,PAUSED,USD,$20.1,Automatic targeting,Dynamic bids - down only,66,,0,,0.0%,$0.0,,$0.0,$0.0,0,0.0%,0.0,$0.0
"Jun 20, 2026",Monthly_ON,Sponsored Products,SP_Competitor_260601,Amazon,United States,PAUSED,USD,$8.0,Manual targeting,Dynamic bids - down only,216,,4,,1.8519999999999999%,$0.75,,$0.1875,$0.0,0,0.0%,0.0,$0.0
"Jun 20, 2026",Monthly_ON,Sponsored Products,SP_Keyword_260601,Amazon,United States,PAUSED,USD,$42.0,Manual targeting,Dynamic bids - down only,7605,,169,,2.222%,$51.87,,$0.3069231,$0.0,40,11.777999999999999%,8.49,$440.4
"Jun 20, 2026",Monthly_ON,Sponsored Products,SP_Auto_All_260601,Amazon,United States,PAUSED,USD,$33.0,Automatic targeting,Dynamic bids - down only,4700,,134,,2.851%,$13.28,,$0.09910450000000001,$0.0,21,4.9799999999999995%,20.08,$266.68
"Jun 20, 2026",Monthly_ON,Sponsored Products,SP_Defence_260601,Amazon,United States,PAUSED,USD,$44.0,Automatic targeting,Dynamic bids - down only,26421,,241,,0.9119999999999999%,$43.63,,$0.18103729999999998,$0.0,23,15.065999999999999%,6.64,$289.59
"Jun 21, 2026",Monthly_ON,Sponsored Products,SP_Defence_260601,Amazon,United States,PAUSED,USD,$44.0,Automatic targeting,Dynamic bids - down only,22046,,257,,1.166%,$47.31,,$0.18408560000000002,$0.0,26,16.031000000000002%,6.24,$295.11
"Jun 21, 2026",Monthly_ON,Sponsored Products,SP_Keyword_260601,Amazon,United States,PAUSED,USD,$42.0,Manual targeting,Dynamic bids - down only,5128,,125,,2.4379999999999997%,$37.69,,$0.30152,$0.0,29,8.635%,11.58,$436.46
"Jun 21, 2026",Monthly_ON,Sponsored Products,SP_Auto_All_260601,Amazon,United States,PAUSED,USD,$33.0,Automatic targeting,Dynamic bids - down only,3619,,115,,3.1780000000000004%,$11.67,,$0.10147830000000001,$0.0,12,6.893000000000001%,14.51,$169.3
"Jun 21, 2026",Monthly_ON,Sponsored Products,SP_Competitor_260601,Amazon,United States,PAUSED,USD,$8.0,Manual targeting,Dynamic bids - down only,156,,4,,2.564%,$0.8,,$0.2,$0.0,1,4.02%,24.87,$19.9
"Jun 21, 2026",Monthly_ON,Sponsored Products,SP_Auto_New_260601,Amazon,United States,PAUSED,USD,$20.1,Automatic targeting,Dynamic bids - down only,71,,1,,1.4080000000000001%,$0.1,,$0.1,$0.0,0,0.0%,0.0,$0.0
"Jun 22, 2026",Monthly_ON,Sponsored Products,SP_Competitor_260601,Amazon,United States,PAUSED,USD,$8.0,Manual targeting,Dynamic bids - down only,516,,15,,2.907%,$2.93,,$0.1953333,$0.0,1,32.921%,3.04,$8.9
"Jun 22, 2026",Monthly_ON,Sponsored Products,SP_Auto_New_260601,Amazon,United States,PAUSED,USD,$20.1,Automatic targeting,Dynamic bids - down only,539,,4,,0.742%,$4.54,,$1.135,$0.0,0,0.0%,0.0,$0.0
"Jun 22, 2026",Monthly_ON,Sponsored Products,SP_MIX_DFC_260204_260601,Amazon,United States,PAUSED,USD,$41.0,Manual targeting,Dynamic bids - down only,1748,,36,,2.059%,$10.08,,$0.28,$0.0,7,12.519%,7.99,$80.52
"Jun 22, 2026",Monthly_ON,Sponsored Products,SP_Keyword_260601,Amazon,United States,PAUSED,USD,$42.0,Manual targeting,Dynamic bids - down only,7784,,128,,1.644%,$55.02,,$0.4298438,$0.0,29,11.543000000000001%,8.66,$476.64
"Jun 22, 2026",Monthly_ON,Sponsored Products,SP_Defence_260601,Amazon,United States,PAUSED,USD,$44.0,Automatic targeting,Dynamic bids - down only,892,,13,,1.4569999999999999%,$2.39,,$0.18384620000000002,$0.0,2,8.951%,11.17,$26.7
"Jun 22, 2026",Monthly_ON,Sponsored Products,SP_Auto_All_260601,Amazon,United States,PAUSED,USD,$33.0,Automatic targeting,Dynamic bids - down only,36632,,286,,0.781%,$175.32,,$0.613007,$0.0,34,38.557%,2.59,$454.7
"Jun 23, 2026",Monthly_ON,Sponsored Products,SP_Competitor_260601,Amazon,United States,PAUSED,USD,$8.0,Manual targeting,Dynamic bids - down only,196,,5,,2.551%,$0.92,,$0.184,$0.0,3,2.666%,37.51,$34.51
"Jun 23, 2026",Monthly_ON,Sponsored Products,SP_Keyword_260601,Amazon,United States,PAUSED,USD,$42.0,Manual targeting,Dynamic bids - down only,63186,,599,,0.9480000000000001%,$937.44,,$1.5650083000000001,$0.0,216,27.064%,3.69,$3463.8
"Jun 23, 2026",Monthly_ON,Sponsored Products,SP_Auto_All_260601,Amazon,United States,PAUSED,USD,$33.0,Automatic targeting,Dynamic bids - down only,1095707,,7170,,0.654%,$8763.14,,$1.2221953,$0.0,982,66.723%,1.5,$13133.64
"Jun 23, 2026",Monthly_ON,Sponsored Products,SP_Auto_New_260601,Amazon,United States,PAUSED,USD,$20.1,Automatic targeting,Dynamic bids - down only,15490,,130,,0.839%,$183.89,,$1.4145385,$0.0,24,39.232%,2.55,$468.73
"Jun 23, 2026",Monthly_ON,Sponsored Products,SP_MIX_DFC_260204_260601,Amazon,United States,PAUSED,USD,$41.0,Manual targeting,Dynamic bids - down only,35754,,417,,1.166%,$467.41,,$1.1208873,$0.0,106,36.894%,2.71,$1266.91
"Jun 24, 2026",Monthly_ON,Sponsored Products,SP_MIX_DFC_260204_260601,Amazon,United States,PAUSED,USD,$41.0,Manual targeting,Dynamic bids - down only,92260,,541,,0.586%,$637.08,,$1.177597,$0.0,117,41.958%,2.38,$1518.36
"Jun 24, 2026",Monthly_ON,Sponsored Products,SP_Competitor_260601,Amazon,United States,PAUSED,USD,$8.0,Manual targeting,Dynamic bids - down only,110,,2,,1.818%,$1.55,,$0.775,$0.0,2,4.181%,23.92,$37.07
"Jun 24, 2026",Monthly_ON,Sponsored Products,SP_Keyword_260601,Amazon,United States,PAUSED,USD,$42.0,Manual targeting,Dynamic bids - down only,22731,,364,,1.601%,$453.04,,$1.2446154,$0.0,92,32.241%,3.1,$1405.18
"Jun 24, 2026",Monthly_ON,Sponsored Products,SP_Auto_New_260601,Amazon,United States,PAUSED,USD,$20.1,Automatic targeting,Dynamic bids - down only,10524,,88,,0.836%,$113.81,,$1.2932955000000002,$0.0,17,49.326%,2.03,$230.73
"Jun 24, 2026",Monthly_ON,Sponsored Products,SP_Auto_All_260601,Amazon,United States,PAUSED,USD,$33.0,Automatic targeting,Dynamic bids - down only,640558,,3093,,0.483%,$5168.85,,$1.6711445,$0.0,527,72.532%,1.38,$7126.27
"Jun 25, 2026",Monthly_ON,Sponsored Products,SP_Auto_New_260601,Amazon,United States,PAUSED,USD,$20.1,Automatic targeting,Dynamic bids - down only,1283,,15,,1.169%,$25.78,,$1.7186667,$0.0,5,27.338%,3.66,$94.3
"Jun 25, 2026",Monthly_ON,Sponsored Products,SP_Competitor_260601,Amazon,United States,PAUSED,USD,$8.0,Manual targeting,Dynamic bids - down only,12416,,41,,0.33%,$46.39,,$1.1314634,$0.0,7,62.519999999999996%,1.6,$74.2
"Jun 25, 2026",Monthly_ON,Sponsored Products,SP_MIX_DFC_260204_260601,Amazon,United States,PAUSED,USD,$41.0,Manual targeting,Dynamic bids - down only,16165,,220,,1.361%,$250.28,,$1.1376363999999999,$0.0,34,62.44%,1.6,$400.83
"Jun 25, 2026",Monthly_ON,Sponsored Products,SP_Keyword_260601,Amazon,United States,PAUSED,USD,$42.0,Manual targeting,Dynamic bids - down only,29452,,266,,0.903%,$395.36,,$1.4863158,$0.0,48,55.922000000000004%,1.79,$706.99
"Jun 25, 2026",Monthly_ON,Sponsored Products,SP_Auto_All_260601,Amazon,United States,PAUSED,USD,$33.0,Automatic targeting,Dynamic bids - down only,434981,,2416,,0.555%,$2574.14,,$1.0654553,$0.0,377,51.66%,1.94,$4982.88
"Jun 26, 2026",Monthly_ON,Sponsored Products,SP_Auto_All_260601,Amazon,United States,PAUSED,USD,$33.0,Automatic targeting,Dynamic bids - down only,1829707,,4950,,0.271%,$8568.29,,$1.7309676999999999,$0.0,708,85.32300000000001%,1.17,$10042.16
"Jun 26, 2026",Monthly_ON,Sponsored Products,SP_Auto_New_260601,Amazon,United States,PAUSED,USD,$20.1,Automatic targeting,Dynamic bids - down only,2369,,10,,0.422%,$21.96,,$2.1959999999999997,$0.0,0,0.0%,0.0,$0.0
"Jun 26, 2026",Monthly_ON,Sponsored Products,SP_Keyword_260601,Amazon,United States,PAUSED,USD,$42.0,Manual targeting,Dynamic bids - down only,188567,,998,,0.529%,$2216.16,,$2.2206012,$0.0,217,72.71300000000001%,1.38,$3047.83
"Jun 26, 2026",Monthly_ON,Sponsored Products,SP_Competitor_260601,Amazon,United States,PAUSED,USD,$8.0,Manual targeting,Dynamic bids - down only,5269,,43,,0.8160000000000001%,$67.81,,$1.5769767,$0.0,6,118.34199999999998%,0.85,$57.3
"Jun 26, 2026",Monthly_ON,Sponsored Products,SP_MIX_DFC_260204_260601,Amazon,United States,PAUSED,USD,$41.0,Manual targeting,Dynamic bids - down only,273654,,1109,,0.40499999999999997%,$1898.48,,$1.7118845999999999,$0.0,193,65.949%,1.52,$2878.69
"Jun 27, 2026",Monthly_ON,Sponsored Products,SP_Auto_All_260601,Amazon,United States,PAUSED,USD,$33.0,Automatic targeting,Dynamic bids - down only,2,,6,,300.0%,$9.18,,$1.53,$0.0,0,0.0%,0.0,$0.0
"Jun 27, 2026",Monthly_ON,Sponsored Products,SP_MIX_DFC_260204_260601,Amazon,United States,PAUSED,USD,$41.0,Manual targeting,Dynamic bids - down only,319,,3,,0.9400000000000001%,$3.2,,$1.0666666999999999,$0.0,0,0.0%,0.0,$0.0
"Jun 27, 2026",Monthly_ON,Sponsored Products,SP_Keyword_260601,Amazon,United States,PAUSED,USD,$42.0,Manual targeting,Dynamic bids - down only,611,,1,,0.164%,$1.05,,$1.05,$0.0,0,0.0%,0.0,$0.0
"Jun 28, 2026",Monthly_ON,Sponsored Products,SP_Keyword_260601,Amazon,United States,PAUSED,USD,$42.0,Manual targeting,Dynamic bids - down only,0,,0,,0.0%,$0.0,,$0.0,$0.0,0,0.0%,0.0,$0.0
"Jun 28, 2026",Monthly_ON,Sponsored Products,SP_Auto_All_260601,Amazon,United States,PAUSED,USD,$33.0,Automatic targeting,Dynamic bids - down only,0,,1,,0.0%,$1.33,,$1.33,$0.0,0,0.0%,0.0,$0.0
"Jul 01, 2026",Monthly_ON,Sponsored Products,SP_Competitor_260601,Amazon,United States,PAUSED,USD,$8.0,Manual targeting,Dynamic bids - down only,480,,16,,3.3329999999999997%,$8.14,,$0.50875,$0.0,4,14.613999999999999%,6.84,$55.7
"Jul 01, 2026",Monthly_ON,Sponsored Products,SP_Defence_260601,Amazon,United States,PAUSED,USD,$44.0,Automatic targeting,Dynamic bids - down only,10499,,58,,0.5519999999999999%,$44.09,,$0.7601724,$0.0,2,253.39100000000002%,0.39,$17.4
"Jul 01, 2026",Monthly_ON,Sponsored Products,SP_Keyword_260601,Amazon,United States,PAUSED,USD,$42.0,Manual targeting,Dynamic bids - down only,3172,,31,,0.9769999999999999%,$40.79,,$1.3158064999999999,$0.0,4,78.745%,1.27,$51.8
"Jul 01, 2026",Monthly_ON,Sponsored Products,SP_Auto_All_260601,Amazon,United States,PAUSED,USD,$33.0,Automatic targeting,Dynamic bids - down only,3911,,25,,0.639%,$34.1,,$1.364,$0.0,5,50.971999999999994%,1.96,$66.9
"Jul 02, 2026",Monthly_ON,Sponsored Products,SP_Keyword_260601,Amazon,United States,PAUSED,USD,$42.0,Manual targeting,Dynamic bids - down only,5906,,97,,1.6420000000000001%,$34.5,,$0.35567010000000004,$0.0,12,19.371%,5.16,$178.1
"Jul 02, 2026",Monthly_ON,Sponsored Products,SP_Competitor_260601,Amazon,United States,PAUSED,USD,$8.0,Manual targeting,Dynamic bids - down only,397,,4,,1.008%,$1.19,,$0.2975,$0.0,0,0.0%,0.0,$0.0
"Jul 02, 2026",Monthly_ON,Sponsored Products,SP_MIX_DFC_260204_260601,Amazon,United States,PAUSED,USD,$41.0,Manual targeting,Dynamic bids - down only,69,,2,,2.899%,$1.84,,$0.92,$0.0,0,0.0%,0.0,$0.0
"Jul 02, 2026",Monthly_ON,Sponsored Products,SP_Auto_All_260601,Amazon,United States,PAUSED,USD,$33.0,Automatic targeting,Dynamic bids - down only,7717,,53,,0.687%,$32.76,,$0.6181132,$0.0,6,29.62%,3.38,$110.6
"Jul 03, 2026",Monthly_ON,Sponsored Products,SP_Keyword_260601,Amazon,United States,PAUSED,USD,$42.0,Manual targeting,Dynamic bids - down only,6532,,89,,1.363%,$31.73,,$0.3565169,$0.0,20,9.927999999999999%,10.07,$319.6
"Jul 03, 2026",Monthly_ON,Sponsored Products,SP_Competitor_260601,Amazon,United States,PAUSED,USD,$8.0,Manual targeting,Dynamic bids - down only,329,,10,,3.04%,$2.94,,$0.294,$0.0,0,0.0%,0.0,$0.0
"Jul 03, 2026",Monthly_ON,Sponsored Products,SP_Auto_All_260601,Amazon,United States,PAUSED,USD,$33.0,Automatic targeting,Dynamic bids - down only,6481,,52,,0.8019999999999999%,$14.0,,$0.2692308,$0.0,6,11.058%,9.04,$126.6
"Jul 03, 2026",Monthly_ON,Sponsored Products,SP_MIX_DFC_260204_260601,Amazon,United States,PAUSED,USD,$41.0,Manual targeting,Dynamic bids - down only,2741,,89,,3.247%,$50.08,,$0.5626966,$0.0,11,30.114%,3.32,$166.3
"Jul 04, 2026",Monthly_ON,Sponsored Products,SP_MIX_DFC_260204_260601,Amazon,United States,PAUSED,USD,$41.0,Manual targeting,Dynamic bids - down only,3071,,118,,3.842%,$69.41,,$0.5882203,$0.0,22,20.301%,4.93,$341.9
"Jul 04, 2026",Monthly_ON,Sponsored Products,SP_Keyword_260601,Amazon,United States,PAUSED,USD,$42.0,Manual targeting,Dynamic bids - down only,5955,,112,,1.881%,$39.25,,$0.3504464,$0.0,16,23.075000000000003%,4.33,$170.1
"Jul 04, 2026",Monthly_ON,Sponsored Products,SP_Auto_All_260601,Amazon,United States,PAUSED,USD,$33.0,Automatic targeting,Dynamic bids - down only,5565,,51,,0.9159999999999999%,$13.74,,$0.2694118,$0.0,5,17.005%,5.88,$80.8
"Jul 04, 2026",Monthly_ON,Sponsored Products,SP_Competitor_260601,Amazon,United States,PAUSED,USD,$8.0,Manual targeting,Dynamic bids - down only,342,,7,,2.0469999999999997%,$1.84,,$0.2628571,$0.0,0,0.0%,0.0,$0.0
"Jul 05, 2026",Monthly_ON,Sponsored Products,SP_Keyword_260601,Amazon,United States,PAUSED,USD,$42.0,Manual targeting,Dynamic bids - down only,6678,,151,,2.261%,$52.82,,$0.34980130000000004,$0.0,24,15.354999999999999%,6.51,$344.0
"Jul 05, 2026",Monthly_ON,Sponsored Products,SP_MIX_DFC_260204_260601,Amazon,United States,PAUSED,USD,$41.0,Manual targeting,Dynamic bids - down only,3345,,127,,3.7969999999999997%,$81.31,,$0.6402361999999999,$0.0,32,16.849%,5.93,$482.57
"Jul 05, 2026",Monthly_ON,Sponsored Products,SP_Auto_All_260601,Amazon,United States,PAUSED,USD,$33.0,Automatic targeting,Dynamic bids - down only,6061,,57,,0.9400000000000001%,$14.04,,$0.2463158,$0.0,11,7.492%,13.35,$187.4
"Jul 05, 2026",Monthly_ON,Sponsored Products,SP_Competitor_260601,Amazon,United States,PAUSED,USD,$8.0,Manual targeting,Dynamic bids - down only,379,,7,,1.847%,$1.88,,$0.2685714,$0.0,1,14.462%,6.91,$13.0
"Jul 06, 2026",Monthly_ON,Sponsored Products,SP_Auto_All_260601,Amazon,United States,PAUSED,USD,$33.0,Automatic targeting,Dynamic bids - down only,6472,,70,,1.082%,$17.05,,$0.24357140000000002,$0.0,11,9.742%,10.27,$175.02
"Jul 06, 2026",Monthly_ON,Sponsored Products,SP_MIX_DFC_260204_260601,Amazon,United States,PAUSED,USD,$41.0,Manual targeting,Dynamic bids - down only,3884,,113,,2.9090000000000003%,$64.0,,$0.5663716999999999,$0.0,24,18.239%,5.48,$350.9
"Jul 06, 2026",Monthly_ON,Sponsored Products,SP_Competitor_260601,Amazon,United States,PAUSED,USD,$8.0,Manual targeting,Dynamic bids - down only,320,,5,,1.5630000000000002%,$1.26,,$0.252,$0.0,1,6.192%,16.15,$20.35
"Jul 06, 2026",Monthly_ON,Sponsored Products,SP_Keyword_260601,Amazon,United States,PAUSED,USD,$42.0,Manual targeting,Dynamic bids - down only,6341,,110,,1.735%,$40.76,,$0.37054549999999997,$0.0,18,15.463%,6.47,$263.6
"Jul 07, 2026",Monthly_ON,Sponsored Products,SP_Auto_All_260601,Amazon,United States,PAUSED,USD,$33.0,Automatic targeting,Dynamic bids - down only,7376,,114,,1.546%,$34.61,,$0.3035965,$0.0,21,10.812%,9.25,$320.1
"Jul 07, 2026",Monthly_ON,Sponsored Products,SP_Competitor_260601,Amazon,United States,PAUSED,USD,$8.0,Manual targeting,Dynamic bids - down only,434,,16,,3.687%,$6.7,,$0.41875,$0.0,2,22.408%,4.46,$29.9
"Jul 07, 2026",Monthly_ON,Sponsored Products,SP_Keyword_260601,Amazon,United States,PAUSED,USD,$42.0,Manual targeting,Dynamic bids - down only,7147,,172,,2.407%,$60.6,,$0.3523256,$0.0,24,17.166999999999998%,5.83,$353.0
"Jul 07, 2026",Monthly_ON,Sponsored Products,SP_MIX_DFC_260204_260601,Amazon,United States,PAUSED,USD,$41.0,Manual targeting,Dynamic bids - down only,4171,,131,,3.141%,$81.72,,$0.6238168000000001,$0.0,22,22.878%,4.37,$357.2
"Jul 08, 2026",Monthly_ON,Sponsored Products,SP_MIX_DFC_260204_260601,Amazon,United States,PAUSED,USD,$41.0,Manual targeting,Dynamic bids - down only,3656,,100,,2.735%,$44.77,,$0.44770000000000004,$0.0,23,12.598999999999998%,7.94,$355.35
"Jul 08, 2026",Monthly_ON,Sponsored Products,SP_Keyword_260601,Amazon,United States,PAUSED,USD,$42.0,Manual targeting,Dynamic bids - down only,7258,,169,,2.328%,$65.85,,$0.389645,$0.0,20,22.031%,4.54,$298.9
"Jul 08, 2026",Monthly_ON,Sponsored Products,SP_Auto_All_260601,Amazon,United States,PAUSED,USD,$33.0,Automatic targeting,Dynamic bids - down only,7874,,119,,1.5110000000000001%,$42.69,,$0.3587395,$0.0,30,8.607%,11.62,$496.0
"Jul 08, 2026",Monthly_ON,Sponsored Products,SP_Competitor_260601,Amazon,United States,PAUSED,USD,$8.0,Manual targeting,Dynamic bids - down only,608,,17,,2.796%,$7.23,,$0.4252941,$0.0,4,10.632%,9.41,$68.0
"Jul 09, 2026",Monthly_ON,Sponsored Products,SP_Auto_All_260601,Amazon,United States,PAUSED,USD,$33.0,Automatic targeting,Dynamic bids - down only,8376,,166,,1.982%,$60.42,,$0.3639759,$0.0,35,9.966%,10.03,$606.25
"Jul 09, 2026",Monthly_ON,Sponsored Products,SP_MIX_DFC_260204_260601,Amazon,United States,PAUSED,USD,$41.0,Manual targeting,Dynamic bids - down only,4184,,109,,2.605%,$49.4,,$0.45321100000000003,$0.0,16,23.767%,4.21,$207.85
"Jul 09, 2026",Monthly_ON,Sponsored Products,SP_Keyword_260601,Amazon,United States,PAUSED,USD,$42.0,Manual targeting,Dynamic bids - down only,7827,,189,,2.415%,$73.65,,$0.3896825,$0.0,21,23.591%,4.24,$312.2
"Jul 09, 2026",Monthly_ON,Sponsored Products,SP_Competitor_260601,Amazon,United States,PAUSED,USD,$8.0,Manual targeting,Dynamic bids - down only,543,,28,,5.157%,$12.2,,$0.4357143,$0.0,6,14.699000000000002%,6.8,$83.0
"Jul 10, 2026",Monthly_ON,Sponsored Products,SP_MIX_DFC_260204_260601,Amazon,United States,PAUSED,USD,$41.0,Manual targeting,Dynamic bids - down only,3627,,81,,2.233%,$34.29,,$0.42333329999999997,$0.0,16,15.085999999999999%,6.63,$227.3
"Jul 10, 2026",Monthly_ON,Sponsored Products,SP_Auto_All_260601,Amazon,United States,PAUSED,USD,$33.0,Automatic targeting,Dynamic bids - down only,6907,,110,,1.593%,$39.76,,$0.36145449999999996,$0.0,20,11.613999999999999%,8.61,$342.35
"Jul 10, 2026",Monthly_ON,Sponsored Products,SP_Keyword_260601,Amazon,United States,PAUSED,USD,$42.0,Manual targeting,Dynamic bids - down only,7094,,144,,2.03%,$55.64,,$0.38638890000000004,$0.0,17,19.253%,5.19,$289.0
"Jul 10, 2026",Monthly_ON,Sponsored Products,SP_Competitor_260601,Amazon,United States,PAUSED,USD,$8.0,Manual targeting,Dynamic bids - down only,549,,26,,4.736%,$12.44,,$0.47846150000000004,$0.0,4,28.273%,3.54,$44.0
"Jul 11, 2026",Monthly_ON,Sponsored Products,SP_Auto_All_260601,Amazon,United States,PAUSED,USD,$33.0,Automatic targeting,Dynamic bids - down only,7038,,141,,2.003%,$51.87,,$0.3678723,$0.0,30,10.67%,9.37,$486.15
"Jul 11, 2026",Monthly_ON,Sponsored Products,SP_Keyword_260601,Amazon,United States,PAUSED,USD,$42.0,Manual targeting,Dynamic bids - down only,6862,,135,,1.967%,$53.57,,$0.3968148,$0.0,22,16.175%,6.18,$331.2
"Jul 11, 2026",Monthly_ON,Sponsored Products,SP_MIX_DFC_260204_260601,Amazon,United States,PAUSED,USD,$41.0,Manual targeting,Dynamic bids - down only,3860,,99,,2.565%,$37.31,,$0.3768687,$0.0,22,10.238999999999999%,9.77,$364.4
"Jul 11, 2026",Monthly_ON,Sponsored Products,SP_Competitor_260601,Amazon,United States,PAUSED,USD,$8.0,Manual targeting,Dynamic bids - down only,576,,21,,3.646%,$10.37,,$0.4938095,$0.0,4,19.980999999999998%,5.0,$51.9
"Jul 12, 2026",Monthly_ON,Sponsored Products,SP_Competitor_260601,Amazon,United States,PAUSED,USD,$8.0,Manual targeting,Dynamic bids - down only,1115,,32,,2.87%,$14.32,,$0.4475,$0.0,4,31.130000000000003%,3.21,$46.0
"Jul 12, 2026",Monthly_ON,Sponsored Products,SP_Keyword_260601,Amazon,United States,PAUSED,USD,$42.0,Manual targeting,Dynamic bids - down only,9642,,166,,1.722%,$68.05,,$0.4099398,$0.0,33,12.614%,7.93,$539.5
"Jul 12, 2026",Monthly_ON,Sponsored Products,SP_MIX_DFC_260204_260601,Amazon,United States,PAUSED,USD,$41.0,Manual targeting,Dynamic bids - down only,6143,,138,,2.246%,$61.38,,$0.4447826,$0.0,23,17.997%,5.56,$341.05
"Jul 12, 2026",Monthly_ON,Sponsored Products,SP_Auto_All_260601,Amazon,United States,PAUSED,USD,$33.0,Automatic targeting,Dynamic bids - down only,8431,,123,,1.459%,$46.09,,$0.3747154,$0.0,27,11.716999999999999%,8.53,$393.35
"Jul 13, 2026",Monthly_ON,Sponsored Products,SP_Auto_All_260601,Amazon,United States,PAUSED,USD,$33.0,Automatic targeting,Dynamic bids - down only,1343,,28,,2.085%,$10.34,,$0.3692857,$0.0,5,12.051%,8.3,$85.8
"Jul 13, 2026",2026_Portfolio,Sponsored Products,SP_DEFENCE_CARROT_260713,Amazon,United States,PAUSED,USD,$30.0,Manual targeting,Dynamic bids - up and down,6,,0,,0.0%,$0.0,,$0.0,$0.0,0,0.0%,0.0,$0.0
"Jul 13, 2026",Monthly_ON,Sponsored Products,SP_Competitor_260601,Amazon,United States,PAUSED,USD,$8.0,Manual targeting,Dynamic bids - down only,129,,8,,6.202%,$4.11,,$0.51375,$0.0,1,37.364000000000004%,2.68,$11.0
"Jul 13, 2026",2026_Portfolio,Sponsored Products,SP_AUTO_CARROT_260713,Amazon,United States,ENABLED,USD,$44.0,Automatic targeting,Dynamic bids - up and down,13509,,69,,0.511%,$54.53,,$0.7902898999999999,$0.0,17,15.726%,6.36,$346.75
"Jul 13, 2026",2026_Portfolio,Sponsored Products,SP_AUTO_RICE_260713,Amazon,United States,ENABLED,USD,$85.0,Automatic targeting,Dynamic bids - up and down,20220,,126,,0.623%,$104.97,,$0.8330952,$0.0,31,24.098%,4.15,$435.6
"Jul 13, 2026",2026_Portfolio,Sponsored Products,SP_DEFENCE_RICE_260713,Amazon,United States,PAUSED,USD,$50.0,Manual targeting,Dynamic bids - up and down,78,,2,,2.564%,$3.47,,$1.735,$0.0,0,0.0%,0.0,$0.0
"Jul 13, 2026",2026_Portfolio,Sponsored Products,SP_KEYWORD_RICE_Branded_260713,Amazon,United States,ENABLED,USD,$44.0,Manual targeting,Dynamic bids - up and down,3086,,27,,0.8750000000000001%,$22.16,,$0.8207407000000001,$0.0,7,20.749000000000002%,4.82,$106.8
"Jul 13, 2026",2026_Portfolio,Sponsored Products,SP_COMPETITOR_RICE_Scrub Foam_260713,Amazon,United States,ENABLED,USD,$44.0,Manual targeting,Dynamic bids - up and down,107,,1,,0.935%,$0.14,,$0.14,$0.0,0,0.0%,0.0,$0.0
"Jul 13, 2026",Monthly_ON,Sponsored Products,SP_Keyword_260601,Amazon,United States,PAUSED,USD,$42.0,Manual targeting,Dynamic bids - down only,1241,,12,,0.967%,$4.46,,$0.3716667,$0.0,2,14.915999999999999%,6.7,$29.9
"Jul 13, 2026",Monthly_ON,Sponsored Products,SP_MIX_DFC_260204_260601,Amazon,United States,PAUSED,USD,$41.0,Manual targeting,Dynamic bids - down only,839,,7,,0.8340000000000001%,$2.86,,$0.40857140000000003,$0.0,1,14.054%,7.12,$20.35
"Jul 14, 2026",2026_Portfolio,Sponsored Products,SP_AUTO_CARROT_260713,Amazon,United States,ENABLED,USD,$44.0,Automatic targeting,Dynamic bids - up and down,18432,,39,,0.212%,$48.62,,$1.2466667,$0.0,6,42.875%,2.33,$113.4
"Jul 14, 2026",2026_Portfolio,Sponsored Products,SP_KEYWORD_RICE_Branded_260713,Amazon,United States,ENABLED,USD,$44.0,Manual targeting,Dynamic bids - up and down,6106,,60,,0.983%,$66.73,,$1.1121667,$0.0,16,28.658%,3.49,$232.85
"Jul 14, 2026",2026_Portfolio,Sponsored Products,SP_AUTO_RICE_260713,Amazon,United States,ENABLED,USD,$85.0,Automatic targeting,Dynamic bids - up and down,12712,,143,,1.125%,$95.3,,$0.6664336,$0.0,15,40.194%,2.49,$237.1
"Jul 14, 2026",2026_Portfolio,Sponsored Products,SP_COMPETITOR_RICE_Scrub Foam_260713,Amazon,United States,ENABLED,USD,$44.0,Manual targeting,Dynamic bids - up and down,1327,,25,,1.884%,$39.55,,$1.5819999999999999,$0.0,5,71.909%,1.39,$55.0
"Jul 14, 2026",2026_Portfolio,Sponsored Products,SP_DEFENCE_RICE_260713,Amazon,United States,PAUSED,USD,$50.0,Manual targeting,Dynamic bids - up and down,1755,,30,,1.709%,$30.91,,$1.0303333000000001,$0.0,4,45.058%,2.22,$68.6
"Jul 14, 2026",2026_Portfolio,Sponsored Products,SP_DEFENCE_CARROT_260713,Amazon,United States,PAUSED,USD,$30.0,Manual targeting,Dynamic bids - up and down,1514,,43,,2.8400000000000003%,$30.08,,$0.6995349000000001,$0.0,10,14.269000000000002%,7.01,$210.8
"Jul 15, 2026",2026_Portfolio,Sponsored Products,SP_AUTO_CARROT_260713,Amazon,United States,ENABLED,USD,$44.0,Automatic targeting,Dynamic bids - up and down,20080,,45,,0.22399999999999998%,$50.41,,$1.1202222,$0.0,1,266.71999999999997%,0.37,$18.9
"Jul 15, 2026",2026_Portfolio,Sponsored Products,SP_KEYWORD_RICE_Branded_260713,Amazon,United States,ENABLED,USD,$44.0,Manual targeting,Dynamic bids - up and down,5915,,62,,1.048%,$65.26,,$1.0525806,$0.0,11,41.278%,2.42,$158.1
"Jul 15, 2026",2026_Portfolio,Sponsored Products,SP_DEFENCE_RICE_260713,Amazon,United States,PAUSED,USD,$50.0,Manual targeting,Dynamic bids - up and down,790,,29,,3.671%,$29.04,,$1.0013793,$0.0,5,36.759%,2.72,$79.0
"Jul 15, 2026",2026_Portfolio,Sponsored Products,SP_AUTO_RICE_260713,Amazon,United States,ENABLED,USD,$85.0,Automatic targeting,Dynamic bids - up and down,41558,,121,,0.291%,$102.12,,$0.8439669000000001,$0.0,13,60.681%,1.65,$168.29
"Jul 15, 2026",2026_Portfolio,Sponsored Products,SP_DEFENCE_CARROT_260713,Amazon,United States,PAUSED,USD,$30.0,Manual targeting,Dynamic bids - up and down,1335,,33,,2.472%,$21.33,,$0.6463635999999999,$0.0,15,8.094999999999999%,12.35,$263.51
"Jul 15, 2026",2026_Portfolio,Sponsored Products,SP_COMPETITOR_RICE_Scrub Foam_260713,Amazon,United States,ENABLED,USD,$44.0,Manual targeting,Dynamic bids - up and down,942,,24,,2.548%,$39.93,,$1.66375,$0.0,4,90.75%,1.1,$44.0
"Jul 16, 2026",2026_Portfolio,Sponsored Products,SP_KEYWORD_RICE_Branded_260713,Amazon,United States,ENABLED,USD,$44.0,Manual targeting,Dynamic bids - up and down,6460,,60,,0.9289999999999999%,$64.76,,$1.0793333,$0.0,13,31.869999999999997%,3.14,$203.2
"Jul 16, 2026",2026_Portfolio,Sponsored Products,SP_COMPETITOR_RICE_Scrub Foam_260713,Amazon,United States,ENABLED,USD,$44.0,Manual targeting,Dynamic bids - up and down,1001,,24,,2.398%,$40.05,,$1.66875,$0.0,3,130.07500000000002%,0.77,$30.79
"Jul 16, 2026",2026_Portfolio,Sponsored Products,SP_AUTO_CARROT_260713,Amazon,United States,ENABLED,USD,$44.0,Automatic targeting,Dynamic bids - up and down,24795,,59,,0.23800000000000002%,$54.2,,$0.9186441000000001,$0.0,10,26.184%,3.82,$207.0
"Jul 16, 2026",2026_Portfolio,Sponsored Products,SP_AUTO_RICE_260713,Amazon,United States,ENABLED,USD,$85.0,Automatic targeting,Dynamic bids - up and down,19987,,117,,0.585%,$101.02,,$0.8634188,$0.0,20,39.111000000000004%,2.56,$258.29
"Jul 16, 2026",2026_Portfolio,Sponsored Products,SP_DEFENCE_CARROT_260713,Amazon,United States,PAUSED,USD,$30.0,Manual targeting,Dynamic bids - up and down,1418,,33,,2.327%,$22.48,,$0.6812121000000001,$0.0,5,21.932%,4.56,$102.5
"Jul 16, 2026",2026_Portfolio,Sponsored Products,SP_DEFENCE_RICE_260713,Amazon,United States,PAUSED,USD,$50.0,Manual targeting,Dynamic bids - up and down,920,,27,,2.935%,$29.54,,$1.0940741,$0.0,4,67.136%,1.49,$44.0
"Jul 17, 2026",2026_Portfolio,Sponsored Products,SP_COMPETITOR_RICE_Scrub Foam_260713,Amazon,United States,ENABLED,USD,$44.0,Manual targeting,Dynamic bids - up and down,556,,16,,2.878%,$40.12,,$2.5075,$0.0,1,364.727%,0.27,$11.0
"Jul 17, 2026",2026_Portfolio,Sponsored Products,SP_AUTO_RICE_260713,Amazon,United States,ENABLED,USD,$85.0,Automatic targeting,Dynamic bids - up and down,25714,,118,,0.459%,$106.16,,$0.8996609999999999,$0.0,17,48.191%,2.08,$220.29
"Jul 17, 2026",2026_Portfolio,Sponsored Products,SP_DEFENCE_RICE_260713,Amazon,United States,PAUSED,USD,$50.0,Manual targeting,Dynamic bids - up and down,1145,,30,,2.62%,$30.33,,$1.011,$0.0,4,72.577%,1.38,$41.79
"Jul 17, 2026",2026_Portfolio,Sponsored Products,SP_DEFENCE_CARROT_260713,Amazon,United States,PAUSED,USD,$30.0,Manual targeting,Dynamic bids - up and down,1478,,33,,2.233%,$22.23,,$0.6736364,$0.0,6,17.573%,5.69,$126.5
"Jul 17, 2026",2026_Portfolio,Sponsored Products,SP_AUTO_CARROT_260713,Amazon,United States,ENABLED,USD,$44.0,Automatic targeting,Dynamic bids - up and down,24507,,55,,0.22399999999999998%,$51.64,,$0.9389091,$0.0,11,26.708%,3.74,$193.35
"Jul 17, 2026",2026_Portfolio,Sponsored Products,SP_KEYWORD_RICE_Branded_260713,Amazon,United States,ENABLED,USD,$44.0,Manual targeting,Dynamic bids - up and down,6356,,66,,1.038%,$66.11,,$1.0016667,$0.0,11,42.135%,2.37,$156.9
"Jul 18, 2026",2026_Portfolio,Sponsored Products,SP_AUTO_RICE_260713,Amazon,United States,ENABLED,USD,$85.0,Automatic targeting,Dynamic bids - up and down,35979,,123,,0.34199999999999997%,$104.99,,$0.8535772,$0.0,9,86.27%,1.16,$121.7
"Jul 18, 2026",2026_Portfolio,Sponsored Products,SP_DEFENCE_RICE_260713,Amazon,United States,PAUSED,USD,$50.0,Manual targeting,Dynamic bids - up and down,1306,,29,,2.221%,$29.15,,$1.0051724,$0.0,5,53.0%,1.89,$55.0
"Jul 18, 2026",2026_Portfolio,Sponsored Products,SP_DEFENCE_CARROT_260713,Amazon,United States,PAUSED,USD,$30.0,Manual targeting,Dynamic bids - up and down,1383,,42,,3.037%,$27.9,,$0.6642857,$0.0,11,10.993%,9.1,$253.8
"Jul 18, 2026",2026_Portfolio,Sponsored Products,SP_KEYWORD_RICE_Branded_260713,Amazon,United States,ENABLED,USD,$44.0,Manual targeting,Dynamic bids - up and down,7752,,59,,0.761%,$66.94,,$1.1345763,$0.0,8,56.064%,1.78,$119.4
"Jul 18, 2026",2026_Portfolio,Sponsored Products,SP_AUTO_CARROT_260713,Amazon,United States,ENABLED,USD,$44.0,Automatic targeting,Dynamic bids - up and down,14504,,61,,0.42100000000000004%,$51.0,,$0.8360656,$0.0,8,35.003%,2.86,$145.7
"Jul 18, 2026",2026_Portfolio,Sponsored Products,SP_COMPETITOR_RICE_Scrub Foam_260713,Amazon,United States,ENABLED,USD,$44.0,Manual targeting,Dynamic bids - up and down,991,,17,,1.7149999999999999%,$39.66,,$2.3329412,$0.0,2,180.273%,0.55,$22.0
"Jul 19, 2026",2026_Portfolio,Sponsored Products,SP_DEFENCE_RICE_260713,Amazon,United States,PAUSED,USD,$50.0,Manual targeting,Dynamic bids - up and down,1291,,41,,3.1759999999999997%,$50.42,,$1.2297561000000001,$0.0,6,62.26199999999999%,1.61,$80.98
"Jul 19, 2026",2026_Portfolio,Sponsored Products,SP_KEYWORD_RICE_Branded_260713,Amazon,United States,ENABLED,USD,$44.0,Manual targeting,Dynamic bids - up and down,12719,,93,,0.731%,$100.77,,$1.0835484,$0.0,19,33.099000000000004%,3.02,$304.45
"Jul 19, 2026",2026_Portfolio,Sponsored Products,SP_AUTO_RICE_260713,Amazon,United States,ENABLED,USD,$85.0,Automatic targeting,Dynamic bids - up and down,59421,,226,,0.38%,$199.68,,$0.8835398000000001,$0.0,19,72.40299999999999%,1.38,$275.79
"Jul 19, 2026",2026_Portfolio,Sponsored Products,SP_AUTO_CARROT_260713,Amazon,United States,ENABLED,USD,$44.0,Automatic targeting,Dynamic bids - up and down,25356,,82,,0.32299999999999995%,$70.06,,$0.8543902,$0.0,10,40.217999999999996%,2.49,$174.2
"Jul 19, 2026",2026_Portfolio,Sponsored Products,SP_DEFENCE_CARROT_260713,Amazon,United States,PAUSED,USD,$30.0,Manual targeting,Dynamic bids - up and down,1184,,38,,3.209%,$30.17,,$0.7939474,$0.0,9,19.901%,5.02,$151.6
"Jul 19, 2026",2026_Portfolio,Sponsored Products,SP_COMPETITOR_RICE_Scrub Foam_260713,Amazon,United States,ENABLED,USD,$44.0,Manual targeting,Dynamic bids - up and down,1162,,17,,1.463%,$51.45,,$3.0264706,$0.0,2,246.17200000000003%,0.41,$20.9
"Jul 20, 2026",2026_Portfolio,Sponsored Products,SP_AUTO_CARROT_260713,Amazon,United States,ENABLED,USD,$44.0,Automatic targeting,Dynamic bids - up and down,75793,,126,,0.166%,$100.03,,$0.7938889,$0.0,15,46.203%,2.16,$216.5
"Jul 20, 2026",2026_Portfolio,Sponsored Products,SP_KEYWORD_RICE_Branded_260713,Amazon,United States,ENABLED,USD,$44.0,Manual targeting,Dynamic bids - up and down,14560,,120,,0.8240000000000001%,$122.34,,$1.0195,$0.0,22,33.575%,2.98,$364.38
"Jul 20, 2026",2026_Portfolio,Sponsored Products,SP_DEFENCE_CARROT_260713,Amazon,United States,PAUSED,USD,$30.0,Manual targeting,Dynamic bids - up and down,113,,4,,3.54%,$3.52,,$0.88,$0.0,2,10.292%,9.72,$34.2
"Jul 20, 2026",2026_Portfolio,Sponsored Products,SP_COMPETITOR_RICE_Scrub Foam_260713,Amazon,United States,ENABLED,USD,$44.0,Manual targeting,Dynamic bids - up and down,1947,,76,,3.903%,$101.2,,$1.3315789,$0.0,19,51.483000000000004%,1.94,$196.57
"Jul 20, 2026",2026_Portfolio,Sponsored Products,SP_DEFENCE_RICE_260713,Amazon,United States,PAUSED,USD,$50.0,Manual targeting,Dynamic bids - up and down,215,,10,,4.651000000000001%,$9.78,,$0.978,$0.0,0,0.0%,0.0,$0.0
"Jul 20, 2026",2026_Portfolio,Sponsored Products,SP_AUTO_RICE_260713,Amazon,United States,ENABLED,USD,$85.0,Automatic targeting,Dynamic bids - up and down,67215,,271,,0.40299999999999997%,$230.08,,$0.8490036999999999,$0.0,28,69.399%,1.44,$331.53
"Jul 20, 2026",2026_Portfolio,Sponsored Products,SP_DEFENCE_CARROT_260713_V2,Amazon,United States,PAUSED,USD,$30.0,Manual targeting,Dynamic bids - up and down,11,,0,,0.0%,$0.0,,$0.0,$0.0,0,0.0%,0.0,$0.0
"Jul 20, 2026",2026_Portfolio,Sponsored Products,SP_DEFENCE_RICE_260713_V2,Amazon,United States,PAUSED,USD,$50.0,Manual targeting,Dynamic bids - up and down,761,,18,,2.365%,$26.74,,$1.4855556,$0.0,3,68.918%,1.45,$38.8
"Jul 21, 2026",2026_Portfolio,Sponsored Products,SP_COMPETITOR_RICE_Scrub Foam_260713,Amazon,United States,ENABLED,USD,$44.0,Manual targeting,Dynamic bids - up and down,1522,,51,,3.351%,$62.2,,$1.2196078,$0.0,11,52.414%,1.91,$118.67
"Jul 21, 2026",2026_Portfolio,Sponsored Products,SP_KEYWORD_RICE_Branded_260713,Amazon,United States,ENABLED,USD,$44.0,Manual targeting,Dynamic bids - up and down,12975,,116,,0.894%,$109.68,,$0.9455172000000001,$0.0,16,51.836000000000006%,1.93,$211.59
"Jul 21, 2026",2026_Portfolio,Sponsored Products,SP_AUTO_RICE_260713,Amazon,United States,ENABLED,USD,$85.0,Automatic targeting,Dynamic bids - up and down,100222,,293,,0.292%,$206.85,,$0.7059726999999999,$0.0,32,48.661%,2.06,$425.08
"Jul 21, 2026",2026_Portfolio,Sponsored Products,SP_DEFENCE_RICE_260713_V2,Amazon,United States,PAUSED,USD,$50.0,Manual targeting,Dynamic bids - up and down,1280,,26,,2.031%,$55.07,,$2.1180769,$0.0,2,198.094%,0.5,$27.8
"Jul 21, 2026",2026_Portfolio,Sponsored Products,SP_DEFENCE_CARROT_260713_V2,Amazon,United States,PAUSED,USD,$30.0,Manual targeting,Dynamic bids - up and down,1279,,32,,2.5020000000000002%,$16.16,,$0.505,$0.0,10,7.371999999999999%,13.56,$219.2
"Jul 21, 2026",2026_Portfolio,Sponsored Products,SP_AUTO_CARROT_260713,Amazon,United States,ENABLED,USD,$44.0,Automatic targeting,Dynamic bids - up and down,118302,,120,,0.101%,$90.0,,$0.75,$0.0,23,22.971%,4.35,$391.8
"Jul 22, 2026",2026_Portfolio,Sponsored Products,SP_AUTO_CARROT_260713,Amazon,United States,ENABLED,USD,$44.0,Automatic targeting,Dynamic bids - up and down,166158,,138,,0.083%,$80.83,,$0.5857246,$0.0,20,24.143%,4.14,$334.8
"Jul 22, 2026",2026_Portfolio,Sponsored Products,SP_KEYWORD_RICE_Branded_260713,Amazon,United States,ENABLED,USD,$44.0,Manual targeting,Dynamic bids - up and down,9933,,103,,1.0370000000000001%,$100.31,,$0.9738835,$0.0,13,58.286%,1.72,$172.1
"Jul 22, 2026",2026_Portfolio,Sponsored Products,SP_AUTO_RICE_260713,Amazon,United States,ENABLED,USD,$85.0,Automatic targeting,Dynamic bids - up and down,97494,,284,,0.291%,$200.03,,$0.7043309999999999,$0.0,21,78.95100000000001%,1.27,$253.36
"Jul 22, 2026",2026_Portfolio,Sponsored Products,SP_COMPETITOR_RICE_Scrub Foam_260713,Amazon,United States,ENABLED,USD,$44.0,Manual targeting,Dynamic bids - up and down,708,,40,,5.65%,$49.77,,$1.24425,$0.0,8,67.57600000000001%,1.48,$73.65
"Jul 22, 2026",2026_Portfolio,Sponsored Products,SP_DEFENCE_RICE_260713_V2,Amazon,United States,PAUSED,USD,$50.0,Manual targeting,Dynamic bids - up and down,4887,,77,,1.576%,$50.72,,$0.6587013,$0.0,9,43.879000000000005%,2.28,$115.59
"Jul 22, 2026",2026_Portfolio,Sponsored Products,SP_DEFENCE_CARROT_260713_V2,Amazon,United States,PAUSED,USD,$30.0,Manual targeting,Dynamic bids - up and down,1683,,34,,2.02%,$17.97,,$0.5285293999999999,$0.0,6,19.575%,5.11,$91.8
"Jul 23, 2026",2026_Portfolio,Sponsored Products,SP_COMPETITOR_RICE_Scrub Foam_260713,Amazon,United States,ENABLED,USD,$44.0,Manual targeting,Dynamic bids - up and down,450,,38,,8.444%,$45.17,,$1.1886842,$0.0,6,77.93299999999999%,1.28,$57.96
"Jul 23, 2026",No Portfolio,Sponsored Products,SP_COMPETITOR_RICE_Starter Kit_260713,Amazon,United States,ENABLED,USD,$44.0,Manual targeting,Dynamic bids - up and down,3499,,45,,1.286%,$44.63,,$0.9917777999999999,$0.0,5,49.424%,2.02,$90.3
"Jul 23, 2026",2026_Portfolio,Sponsored Products,SP_AUTO_CARROT_260713,Amazon,United States,ENABLED,USD,$44.0,Automatic targeting,Dynamic bids - up and down,44632,,63,,0.14100000000000001%,$39.95,,$0.634127,$0.0,5,53.624%,1.86,$74.5
"Jul 23, 2026",2026_Portfolio,Sponsored Products,SP_KEYWORD_RICE_General_260713,Amazon,United States,ENABLED,USD,$67.0,Manual targeting,Dynamic bids - up and down,2953,,24,,0.8130000000000001%,$10.24,,$0.4266667,$0.0,1,79.38%,1.26,$12.9
"Jul 23, 2026",2026_Portfolio,Sponsored Products,SP_KEYWORD_RICE_Branded_260713,Amazon,United States,ENABLED,USD,$44.0,Manual targeting,Dynamic bids - up and down,8546,,197,,2.305%,$44.02,,$0.22345179999999998,$0.0,7,49.184%,2.03,$89.5
"Jul 23, 2026",2026_Portfolio,Sponsored Products,SP_AUTO_RICE_260713,Amazon,United States,ENABLED,USD,$85.0,Automatic targeting,Dynamic bids - up and down,35298,,113,,0.32%,$78.03,,$0.690531,$0.0,19,31.503999999999998%,3.17,$247.68
